state,total_estimate,total_white,high_school_graduate_or_higher_white,bachelors_degree_or_higher_white,"total_white_alone_not_hispanic_or_latino","high_school_graduate_or_higher_white_alone_not_hispanic_or_latino","bachelors_degree_or_higher_white_alone_not_hispanic_or_latino",total_black_alone,high_school_graduate_or_higher_black_alone,bachelors_degree_or_higher_black_alone,total_american_indian_or_alaska_native_alone,high_school_graduate_or_higher_american_indian_or_alaska_native_alone,bachelors_degree_or_higher_american_indian_or_alaska_native_alone,total_asian_alone,high_school_graduate_or_higher_asian_alone,bachelors_degree_or_higher_asian_alone,total_native_hawaiian_and_other_pacific_islander_alone,high_school_graduate_or_higher_native_hawaiian_and_other_pacific_islander_alone,bachelors_degree_or_higher_native_hawaiian_and_other_pacific_islander_alone,total_some_other_race_alone,high_school_graduate_or_higher_some_other_race_alone,bachelors_degree_or_higher_some_other_race_alone,total_two_or_more_races,high_school_graduate_or_higher_two_or_more_races,bachelors_degree_or_higher_two_or_more_races,total_hispanic_or_latino_origin,high_school_graduate_or_higher_hispanic_or_latino_origin,bachelors_degree_or_higher_hispanic_or_latino_origin
Alabama,Total Estimate,2353878,2115460,712934,2332798,2100060,708372,846228,719012,158611,15329,12051,2995,49205,42522,29746,N,N,N,52425,32330,7965,132934,112190,34321,113536,76598,22182
Alabama,Male Estimate,1138403,1008457,345987,1127767,1001148,343938,377410,311645,53878,6663,5224,1275,22164,19273,13687,N,N,N,28375,18139,4500,69575,56800,14663,59774,39000,9912
Alabama,Female Estimate,1215475,1107003,366947,1205031,1098912,364434,468818,407367,104733,8666,6827,1720,27041,23249,16059,N,N,N,24050,14191,3465,63359,55390,19658,53762,37598,12270
Alaska,Total Estimate,314524,302619,121059,308121,296692,120167,14708,14092,4549,58526,49941,5138,32328,28154,9719,5537,5101,912,12429,10316,2355,47727,43066,15558,28495,25134,6197
Alaska,Male Estimate,166046,158910,56132,163817,156871,55978,7822,7504,1845,29301,24426,1169,13602,12040,3535,2353,2158,141,7162,5366,1070,24424,21673,6415,14316,12123,2679
Alaska,Female Estimate,148478,143709,64927,144304,139821,64189,6886,6588,2704,29225,25515,3969,18726,16114,6184,3184,2943,771,5267,4950,1285,23303,21393,9143,14179,13011,3518
Arizona,Total Estimate,3171578,2985734,1191246,2928504,2790314,1145461,208771,194235,62985,178658,145795,19829,178083,162575,103845,7909,7181,2060,420052,306159,64452,815246,629255,170664,1334427,988689,220323
Arizona,Male Estimate,1563187,1461903,592241,1440937,1365453,570249,108640,99918,30951,83872,67602,6701,81928,77426,52321,3642,3106,1261,209632,147503,28033,405459,311732,80069,666283,485997,100638
Arizona,Female Estimate,1608391,1523831,599005,1487567,1424861,575212,100131,94317,32034,94786,78193,13128,96155,85149,51524,4267,4075,799,210420,158656,36419,409787,317523,90595,668144,502692,119685
Arkansas,Total Estimate,1502180,1369911,411447,1481204,1354998,408384,276968,241519,52928,11466,8410,2862,30422,25959,13884,6230,3538,32,48945,28059,5469,161552,129477,28412,122921,75184,15559
Arkansas,Male Estimate,726614,655605,190132,717360,649508,188453,126303,108230,20076,5363,3916,1179,13810,12034,7633,3366,1980,23,27280,14650,2307,79667,61095,12846,63793,36001,7096
Arkansas,Female Estimate,775566,714306,221315,763844,705490,219931,150665,133289,32852,6103,4494,1683,16612,13925,6251,2864,1558,9,21665,13409,3162,81885,68382,15566,59128,39183,8463
California,Total Estimate,11574198,10855296,5161935,10453713,9992200,4922329,1505960,1365488,421317,350411,246909,58563,4422975,3920278,2438033,103728,88837,20685,4660801,2983869,579270,4291796,3264313,1058014,9429445,6425060,1500196
California,Male Estimate,5767286,5386799,2590770,5232818,4987256,2484461,747822,667464,187814,178997,122160,27533,2053927,1846304,1147845,50486,43088,9172,2366343,1495334,266164,2139055,1606094,489460,4731879,3165481,676036
California,Female Estimate,5806912,5468497,2571165,5220895,5004944,2437868,758138,698024,233503,171414,124749,31030,2369048,2073974,1290188,53242,45749,11513,2294458,1488535,313106,2152741,1658219,568554,4697566,3259579,824160
Colorado,Total Estimate,2999466,2881501,1479678,2831329,2742259,1437469,149317,135390,44767,41735,33948,7872,135441,116220,72976,5208,4620,866,227550,161618,42477,485465,404911,147604,742970,567322,159007
Colorado,Male Estimate,1501032,1432780,719655,1417682,1365702,699778,80531,73586,22074,22062,17292,3470,60333,52481,33823,2430,2122,456,122138,83779,21573,245646,202225,71216,378683,279585,76694
Colorado,Female Estimate,1498434,1448721,760023,1413647,1376557,737691,68786,61804,22693,19673,16656,4402,75108,63739,39153,2778,2498,410,105412,77839,20904,239819,202686,76388,364287,287737,82313
Connecticut,Total Estimate,1758999,1662001,822862,1708094,1621576,808184,252690,223992,65705,8670,6439,2456,117298,106006,77689,N,N,N,167888,118436,28310,227454,191098,70573,371561,277878,77525
Connecticut,Male Estimate,849726,797405,389737,827568,781061,384729,118577,104131,26051,5443,4169,1691,55588,50863,37429,N,N,N,85130,58374,12227,106948,86509,29407,181188,129796,31175
Connecticut,Female Estimate,909273,864596,433125,880526,840515,423455,134113,119861,39654,3227,2270,765,61710,55143,40260,N,N,N,82758,60062,16083,120506,104589,41166,190373,148082,46350
Delaware,Total Estimate,465751,439262,175698,458972,433252,173460,138516,125050,37474,N,N,N,29184,26679,21317,N,N,N,27886,15510,3352,47375,41213,14443,54254,36110,10163
Delaware,Male Estimate,223262,207710,83260,219488,204377,82115,63528,56993,14607,N,N,N,14359,13501,11103,N,N,N,15171,8489,1653,22172,19463,5976,27250,18017,4597
Delaware,Female Estimate,242489,231552,92438,239484,228875,91345,74988,68057,22867,N,N,N,14825,13178,10214,N,N,N,12715,7021,1699,25203,21750,8467,27004,18093,5566
District of Columbia,Total Estimate,195756,194134,181758,189035,187952,175804,198991,178016,67089,N,N,N,22517,21182,17982,N,N,N,19372,11977,6868,40956,38163,27502,48402,38541,27781
District of Columbia,Male Estimate,98725,98096,90956,95262,94729,87817,87373,77655,29324,N,N,N,9433,8802,7224,N,N,N,9485,6202,3494,20548,19402,13608,24564,20279,14673
District of Columbia,Female Estimate,97031,96038,90802,93773,93223,87987,111618,100361,37765,N,N,N,13084,12380,10758,N,N,N,9887,5775,3374,20408,18761,13894,23838,18262,13108
Florida,Total Estimate,9406998,8807228,3436493,8728435,8237074,3234159,2134759,1834275,487450,43970,32764,10041,454797,395464,236690,8502,8125,2258,922629,717568,211868,2790467,2358155,842046,3934980,3219657,1083074
Florida,Male Estimate,4589074,4270121,1695850,4260026,3995991,1602934,1005056,847798,192369,23877,16408,5568,201657,178850,109183,3529,3510,1221,456205,344892,92929,1357551,1138003,390782,1926337,1555779,496361
Florida,Female Estimate,4817924,4537107,1740643,4468409,4241083,1631225,1129703,986477,295081,20093,16356,4473,253140,216614,127507,4973,4615,1037,466424,372676,118939,1432916,1220152,451264,2008643,1663878,586713
Georgia,Total Estimate,4001264,3674877,1514316,3914514,3608518,1490708,2158222,1913622,599859,29622,17517,5294,319465,281171,186903,3358,2837,615,221192,138769,42532,501148,407601,155557,574391,392476,130666
Georgia,Male Estimate,1950857,1774434,728761,1907222,1741755,717712,967101,835328,226164,16060,9633,2969,149353,133596,91566,1333,1114,272,118304,71302,21200,240066,190920,70083,293614,194551,60937
Georgia,Female Estimate,2050407,1900443,785555,2007292,1866763,772996,1191121,1078294,373695,13562,7884,2325,170112,147575,95337,2025,1723,343,102888,67467,21332,261082,216681,85474,280777,197925,69729
Hawaii,Total Estimate,247436,240034,120480,235971,229416,116534,19262,18595,7625,3082,2708,756,427265,386552,157160,94123,85242,9422,18511,17006,5032,212008,199339,60206,83289,77879,21687
Hawaii,Male Estimate,130853,126766,60132,126097,122402,59027,12224,11658,3490,1475,1166,329,194394,175034,67027,47842,42929,4183,10414,9221,2970,106747,98018,27099,42311,38850,9511
Hawaii,Female Estimate,116583,113268,60348,109874,107014,57507,7038,6937,4135,1607,1542,427,232871,211518,90133,46281,42313,5239,8097,7785,2062,105261,101321,33107,40978,39029,12176
Idaho,Total Estimate,1054124,990013,341035,1031784,971357,336673,6998,4919,1790,13404,11637,2711,18322,15730,8859,N,N,N,63046,42286,10206,100568,81964,21186,131533,90584,19140
Idaho,Male Estimate,524574,490335,164116,514051,482270,162865,4731,3768,1427,6005,5033,615,7405,6165,4145,N,N,N,32619,21016,4268,48822,37896,9238,68163,44305,7156
Idaho,Female Estimate,529550,499678,176919,517733,489087,173808,2267,1151,363,7399,6604,2096,10917,9565,4714,N,N,N,30427,21270,5938,51746,44068,11948,63370,46279,11984
Illinois,Total Estimate,5663638,5348180,2317395,5506258,5219158,2278252,1137909,1002738,285882,52279,37381,8399,522981,478254,342633,3778,3363,1138,580678,392363,85440,769434,610414,201692,1316805,946946,239589
Illinois,Male Estimate,2768115,2602509,1108777,2692821,2543094,1091000,513814,438811,105045,26830,18798,3973,248821,232588,168211,1992,1731,546,301043,201507,37439,388827,303311,95576,676553,479008,111646
Illinois,Female Estimate,2895523,2745671,1208618,2813437,2676064,1187252,624095,563927,180837,25449,18583,4426,274160,245666,174422,1786,1632,592,279635,190856,48001,380607,307103,106116,640252,467938,127943
Indiana,Total Estimate,3705761,3418149,1100694,3663146,3382683,1088330,376912,329009,78645,12522,10522,1846,98834,79073,52802,N,N,N,115333,82477,17920,249215,212904,64772,265091,199927,53367
Indiana,Male Estimate,1811551,1662489,515327,1788880,1644685,508983,175042,151829,29609,6867,5735,1020,47999,38622,26353,N,N,N,60354,42907,7929,123307,104900,29792,137643,102377,24961
Indiana,Female Estimate,1894210,1755660,585367,1874266,1737998,579347,201870,177180,49036,5655,4787,826,50835,40451,26449,N,N,N,54979,39570,9991,125908,108004,34980,127448,97550,28406
Iowa,Total Estimate,1879736,1788517,587122,1859465,1772254,582132,61450,52696,13540,8372,7062,1473,47459,36549,19716,2279,1880,437,38175,24454,6533,99790,83437,23921,100788,70844,16772
Iowa,Male Estimate,922612,873925,271008,913404,866908,269494,32631,27904,7257,4430,3521,663,22891,17843,9381,1267,988,166,20565,12162,3518,49986,40483,11212,51505,34106,6951
Iowa,Female Estimate,957124,914592,316114,946061,905346,312638,28819,24792,6283,3942,3541,810,24568,18706,10335,1012,892,271,17610,12292,3015,49804,42954,12709,49283,36738,9821
Kansas,Total Estimate,1548538,1465386,583844,1510525,1435724,575993,101035,87615,24362,12773,10412,2263,57892,50629,30711,N,N,N,71721,45400,9189,149016,124206,37083,189092,132546,32462
Kansas,Male Estimate,756980,711026,279205,739002,697524,275425,53090,45516,11879,6319,5043,798,27326,24208,15456,N,N,N,37871,23433,3749,76123,62880,19280,97234,66690,15754
Kansas,Female Estimate,791558,754360,304639,771523,738200,300568,47945,42099,12483,6454,5369,1465,30566,26421,15255,N,N,N,33850,21967,5440,72893,61326,17803,91858,65856,16708
Kentucky,Total Estimate,2640183,2342686,726550,2626394,2331702,723212,201722,177441,40560,6780,5751,786,42119,34620,21571,N,N,N,33515,22415,5517,151253,123463,35341,88516,61829,17825
Kentucky,Male Estimate,1278433,1118792,328038,1272606,1114513,326933,99594,85399,15875,3490,2837,451,20296,16937,10908,N,N,N,19162,12651,2727,72037,57712,15443,46715,32269,8729
Kentucky,Female Estimate,1361750,1223894,398512,1353788,1217189,396279,102128,92042,24685,3290,2914,335,21823,17683,10663,N,N,N,14353,9764,2790,79216,65751,19898,41801,29560,9096
Louisiana,Total Estimate,1911461,1725026,597922,1886530,1703666,590995,913832,749171,150530,15844,11011,2212,57886,44784,23094,N,N,N,49865,33302,8405,166054,136688,41830,143757,108017,33370
Louisiana,Male Estimate,934056,826179,281210,919366,814005,277271,418874,328254,50310,8479,5407,607,28146,21597,11527,N,N,N,26436,16859,3762,76985,60631,17832,75631,53855,14700
Louisiana,Female Estimate,977405,898847,316712,967164,889661,313724,494958,420917,100220,7365,5604,1605,29740,23187,11567,N,N,N,23429,16443,4643,89069,76057,23998,68126,54162,18670
Maine,Total Estimate,934786,885113,337549,930777,881214,335535,10000,9037,3627,3166,3038,513,12448,11515,6146,N,N,N,8157,7071,3137,46258,43496,14231,15636,14346,5546
Maine,Male Estimate,453384,423690,153201,450926,421342,152045,5865,5356,1988,1409,1338,105,4484,4339,2087,N,N,N,3653,3215,1614,23267,21076,6409,7835,7140,2778
Maine,Female Estimate,481402,461423,184348,479851,459872,183490,4135,3681,1639,1757,1700,408,7964,7176,4059,N,N,N,4504,3856,1523,22991,22420,7822,7801,7206,2768
Maryland,Total Estimate,2229542,2115553,1075943,2191994,2083559,1061494,1241639,1133048,403824,16162,11880,3229,291944,261109,183533,N,N,N,229370,138704,38871,261757,229460,111858,382476,261629,94279
Maryland,Male Estimate,1083866,1022482,518479,1065013,1006817,511404,566174,508377,166297,8084,5599,1422,136375,125136,89609,N,N,N,121319,69964,17223,121292,103724,49977,197686,129692,43763
Maryland,Female Estimate,1145676,1093071,557464,1126981,1076742,550090,675465,624671,237527,8078,6281,1807,155569,135973,93924,N,N,N,108051,68740,21648,140465,125736,61881,184790,131937,50516
Massachusetts,Total Estimate,3593755,3404540,1789166,3531057,3354087,1771776,307459,268853,97906,10858,8310,2229,344221,294668,220658,N,N,N,248754,176612,54377,428565,341573,135655,520576,377142,120345
Massachusetts,Male Estimate,1727918,1624571,848486,1697112,1600648,841144,148937,131785,46838,6171,4270,984,161748,140933,106296,N,N,N,121044,86091,22506,207028,164971,61555,254135,183020,56098
Massachusetts,Female Estimate,1865837,1779969,940680,1833945,1753439,930632,158522,137068,51068,4687,4040,1245,182473,153735,114362,N,N,N,127710,90521,31871,221537,176602,74100,266441,194122,64247
Michigan,Total Estimate,5374750,5026242,1764838,5317928,4976771,1750383,876343,769487,170648,34093,28380,5356,220923,199423,144719,1703,1345,601,115232,84351,22344,348851,302369,99664,298464,232091,67330
Michigan,Male Estimate,2646582,2457825,839075,2617844,2433483,833019,400737,345157,63410,17018,13741,1897,106178,97673,75814,964,746,358,59999,42688,11561,174073,146687,45482,151401,112558,29491
Michigan,Female Estimate,2728168,2568417,925763,2700084,2543288,917364,475606,424330,107238,17075,14639,3459,114745,101750,68905,739,599,243,55233,41663,10783,174778,155682,54182,147063,119533,37839
Minnesota,Total Estimate,3202298,3090669,1300842,3177067,3069025,1292673,214088,178037,52031,28497,24093,3986,183256,155407,81854,N,N,N,86570,60398,19346,182737,160173,58056,170732,123311,37990
Minnesota,Male Estimate,1585700,1520389,618477,1573387,1510495,615363,110957,95783,29154,14830,12290,1633,88651,76574,37750,N,N,N,43967,29700,8519,90650,78030,25074,87237,60410,16257
Minnesota,Female Estimate,1616598,1570280,682365,1603680,1558530,677310,103131,82254,22877,13667,11803,2353,94605,78833,44104,N,N,N,42603,30698,10827,92087,82143,32982,83495,62901,21733
Mississippi,Total Estimate,1164987,1045271,331568,1155565,1039177,329970,675192,553889,123081,8455,6803,913,17928,14993,7933,N,N,N,19693,12838,4567,81647,68158,19554,49706,32963,10720
Mississippi,Male Estimate,565815,494386,146043,560998,491935,145197,303607,238837,40533,4243,3511,446,7558,6532,3179,N,N,N,10902,7189,2542,39290,31644,7107,26021,15490,4210
Mississippi,Female Estimate,599172,550885,185525,594567,547242,184773,371585,315052,82548,4212,3292,467,10370,8461,4754,N,N,N,8791,5649,2025,42357,36514,12447,23685,17473,6510
Missouri,Total Estimate,3396570,3148582,1116654,3368880,3124639,1109135,423751,372989,89549,13416,10904,3513,86905,78309,52149,4876,4479,1021,57971,44242,14565,243145,211744,63192,146158,114707,33584
Missouri,Male Estimate,1657842,1527226,524007,1644521,1515472,519734,191412,163454,36042,8031,6581,1825,40762,37972,26231,2958,2670,592,29365,21250,6950,115370,98507,26587,73719,55562,16522
Missouri,Female Estimate,1738728,1621356,592647,1724359,1609167,589401,232339,209535,53507,5385,4323,1688,46143,40337,25918,1918,1809,429,28606,22992,7615,127775,113237,36605,72439,59145,17062
Montana,Total Estimate,672398,641345,243327,666186,635885,241694,3279,3079,555,34556,28335,4559,6308,5526,3197,N,N,N,9790,8009,2099,40062,36821,13083,24626,20603,4759
Montana,Male Estimate,338629,321052,118266,335864,318543,117619,2397,2241,316,17844,13983,2005,2940,2729,2018,N,N,N,5102,3968,1467,19426,17098,6275,12823,10115,2402
Montana,Female Estimate,333769,320293,125061,330322,317342,124075,882,838,239,16712,14352,2554,3368,2797,1179,N,N,N,4688,4041,632,20636,19723,6808,11803,10488,2357
Nebraska,Total Estimate,1063887,1016188,389324,1047942,1004032,386122,54478,48493,12685,12261,9292,1542,30385,22653,12409,N,N,N,49648,30541,7907,81345,63644,21055,115641,75545,17819
Nebraska,Male Estimate,523932,498066,180735,516457,492125,179385,27437,24357,5755,6471,4757,557,13506,10104,6074,N,N,N,27835,16396,3585,39858,30569,10059,59813,37712,7945
Nebraska,Female Estimate,539955,518122,208589,531485,511907,206737,27041,24136,6930,5790,4535,985,16879,12549,6335,N,N,N,21813,14145,4322,41487,33075,10996,55828,37833,9874
Nevada,Total Estimate,1194681,1117658,385521,1117578,1055281,369330,188562,171781,43498,29967,21875,3481,209934,187767,85844,14402,13269,2557,244150,152219,26019,311130,246604,57706,547036,377185,74487
Nevada,Male Estimate,611226,570267,194824,573461,539894,186996,93884,86791,20467,15725,11257,1712,92203,83103,37007,7371,7022,1830,123859,76916,12038,153131,117871,28382,277119,187441,36462
Nevada,Female Estimate,583455,547391,190697,544117,515387,182334,94678,84990,23031,14242,10618,1769,117731,104664,48837,7031,6247,727,120291,75303,13981,157999,128733,29324,269917,189744,38025
New Hampshire,Total Estimate,908288,862680,365291,903432,858465,363734,12546,11329,2959,N,N,N,26000,23261,15819,N,N,N,13326,10930,4338,47402,43437,17171,33003,28018,10014
New Hampshire,Male Estimate,448329,424210,176111,445475,421939,175360,8060,7429,1747,N,N,N,12096,11267,7804,N,N,N,6705,5581,2213,22813,20701,8114,16222,13385,4711
New Hampshire,Female Estimate,459959,438470,189180,457957,436526,188374,4486,3900,1212,N,N,N,13904,11994,8015,N,N,N,6621,5349,2125,24589,22736,9057,16781,14633,5303
New Jersey,Total Estimate,3731105,3538557,1764005,3596048,3426460,1722477,809241,731009,232322,24604,18227,4271,661426,615099,475307,2883,2635,956,579678,423766,102567,665490,561201,211218,1227842,948604,279683
New Jersey,Male Estimate,1809132,1708173,859503,1743979,1656262,842605,375022,337599,98073,13012,8844,2072,319803,300110,237743,1490,1422,493,295472,212274,47085,319472,267404,93263,611605,462109,121464
New Jersey,Female Estimate,1921973,1830384,904502,1852069,1770198,879872,434219,393410,134249,11592,9383,2199,341623,314989,237564,1393,1213,463,284206,211492,55482,346018,293797,117955,616237,486495,158219
New Mexico,Total Estimate,723979,680677,291485,590972,565763,259756,29106,26404,7839,127473,105894,14898,24659,22191,12961,N,N,N,198704,150068,30402,345493,283049,78224,647485,519428,126060
New Mexico,Male Estimate,351835,329848,140085,292453,279095,127715,15793,13755,3299,60549,50421,6179,11174,10155,5898,N,N,N,101154,75793,13455,171222,138494,35019,317886,250662,54235
New Mexico,Female Estimate,372144,350829,151400,298519,286668,132041,13313,12649,4540,66924,55473,8719,13485,12036,7063,N,N,N,97550,74275,16947,174271,144555,43205,329599,268766,71825
New York,Total Estimate,8111335,7624303,3741928,7854476,7412905,3660952,1935136,1662365,533367,76321,53956,14524,1247977,995848,617063,5748,4583,593,1318977,914252,251422,1291600,1058207,424790,2461571,1810606,573712
New York,Male Estimate,3943452,3677418,1766464,3822838,3580132,1732530,879727,745923,214875,39368,27365,6088,581802,469948,290017,3103,2580,313,650097,447345,107919,619500,503855,184688,1196153,871417,248944
New York,Female Estimate,4167883,3946885,1975464,4031638,3832773,1928422,1055409,916442,318492,36953,26591,8436,666175,525900,327046,2645,2003,280,668880,466907,143503,672100,554352,240102,1265418,939189,324768
North Carolina,Total Estimate,4818595,4474172,1864824,4741858,4415173,1845640,1416471,1252154,349330,76714,57219,10888,219417,192675,138479,4155,3591,907,268050,155119,40393,442230,364215,124836,539662,347915,98624
North Carolina,Male Estimate,2327030,2134265,866894,2290462,2108085,858887,638932,554996,131533,37157,25869,3779,102863,92792,69665,2421,1878,289,139236,74923,15808,211462,169759,54372,273297,166454,43398
North Carolina,Female Estimate,2491565,2339907,997930,2451396,2307088,986753,777539,697158,217797,39557,31350,7109,116554,99883,68814,1734,1713,618,128814,80196,24585,230768,194456,70464,266365,181461,55226
North Dakota,Total Estimate,436295,414161,142913,433457,411687,141970,11919,9171,2773,20233,16911,2714,8348,7318,4861,N,N,N,7505,6281,1844,21338,19489,5742,16257,13366,3272
North Dakota,Male Estimate,222608,209875,69018,221105,208559,68628,6616,5537,1442,10599,8609,941,4714,4285,2938,N,N,N,3865,3220,1499,11382,10514,2206,8606,7256,2170
North Dakota,Female Estimate,213687,204286,73895,212352,203128,73342,5303,3634,1331,9634,8302,1773,3634,3033,1923,N,N,N,3640,3061,345,9956,8975,3536,7651,6110,1102
Ohio,Total Estimate,6528048,6071998,2075757,6483542,6032297,2063066,895343,781414,171507,14821,11110,2206,194406,168149,114000,3626,3109,1436,111990,84258,22808,369739,327621,106196,265984,214233,61847
Ohio,Male Estimate,3179104,2938029,987305,3158706,2919671,981802,417371,360565,69363,7506,5476,1105,92258,81201,58277,1367,1076,426,60220,43616,10812,179647,158052,46372,134971,106553,27637
Ohio,Female Estimate,3348944,3133969,1088452,3324836,3112626,1081264,477972,420849,102144,7315,5634,1101,102148,86948,55723,2259,2033,1010,51770,40642,11996,190092,169569,59824,131013,107680,34210
Oklahoma,Total Estimate,1864940,1695067,559513,1814069,1659814,551301,177753,159500,40979,172772,149724,32681,62761,51631,27375,2425,1934,275,79622,50369,8894,279616,233650,67466,229543,152237,33115
Oklahoma,Male Estimate,908969,817404,268279,883810,801241,264700,88092,77280,18227,82612,71148,14150,28265,23379,12899,1126,858,172,41002,24719,4315,139667,114022,31023,118030,75557,16827
Oklahoma,Female Estimate,955971,877663,291234,930259,858573,286601,89661,82220,22752,90160,78576,18531,34496,28252,14476,1299,1076,103,38620,25650,4579,139949,119628,36443,111513,76680,16288
Oregon,Total Estimate,2378989,2250968,899585,2320923,2202659,884202,50855,46463,15725,35750,28517,5604,139338,122171,72633,9773,8283,1530,138346,91668,23036,277584,236303,82948,325436,234474,64933
Oregon,Male Estimate,1165887,1097007,425635,1137615,1074345,418934,27243,25853,7985,18620,15069,2623,63058,56273,35157,4407,3668,711,74669,47265,10129,139125,116961,37941,169559,117898,28041
Oregon,Female Estimate,1213102,1153961,473950,1183308,1128314,465268,23612,20610,7740,17130,13448,2981,76280,65898,37476,5366,4615,819,63677,44403,12907,138459,119342,45007,155877,116576,36892
Pennsylvania,Total Estimate,7177207,6743691,2598987,7089488,6669950,2572553,891751,784339,195287,15103,11449,2749,326953,272598,187542,3736,3155,1455,293955,210833,48856,453240,392596,130109,591292,450250,118425
Pennsylvania,Male Estimate,3502881,3272020,1246271,3456473,3233931,1233147,421317,364977,80402,8181,6016,1429,154340,131767,92024,2029,1709,581,146875,102402,21576,223143,190395,60643,298824,222693,55286
Pennsylvania,Female Estimate,3674326,3471671,1352716,3633015,3436019,1339406,470434,419362,114885,6922,5433,1320,172613,140831,95518,1707,1446,874,147080,108431,27280,230097,202201,69466,292468,227557,63139
Rhode Island,Total Estimate,582428,542881,237906,573826,535555,235994,34576,28667,7829,N,N,N,23320,20137,10941,N,N,N,58877,38102,9305,71284,57254,16015,106772,75484,16704
Rhode Island,Male Estimate,279367,259741,112106,275528,256393,111293,17116,13733,3509,N,N,N,11505,10257,5634,N,N,N,30325,18537,4350,31385,24366,5868,53232,35972,6955
Rhode Island,Female Estimate,303061,283140,125800,298298,279162,124701,17460,14934,4320,N,N,N,11815,9880,5307,N,N,N,28552,19565,4955,39899,32888,10147,53540,39512,9749
South Carolina,Total Estimate,2414633,2230446,861886,2389390,2208783,854730,855901,737098,178040,12179,7837,1504,60006,52792,31141,N,N,N,80413,54134,14328,173719,140726,47350,174123,119400,36219
South Carolina,Male Estimate,1164978,1070025,414017,1151057,1057682,409516,380369,321367,64824,7281,4269,775,26453,22738,15978,N,N,N,42822,27183,7331,84741,67122,21449,91146,59173,17201
South Carolina,Female Estimate,1249655,1160421,447869,1238333,1151101,445214,475532,415731,113216,4898,3568,729,33553,30054,15163,N,N,N,37591,26951,6997,88978,73604,25901,82977,60227,19018
South Dakota,Total Estimate,503647,476325,168082,500781,473812,167245,9856,8512,1864,36718,30609,3771,8397,6623,4685,N,N,N,7227,4991,1295,24096,22018,7108,17586,13486,3752
South Dakota,Male Estimate,253645,237499,80057,251838,235815,79461,5718,5122,1012,17652,14337,1885,3178,2315,2013,N,N,N,3739,2364,468,12545,11108,3342,9502,7021,1504
South Dakota,Female Estimate,250002,238826,88025,248943,237997,87784,4138,3390,852,19066,16272,1886,5219,4308,2672,N,N,N,3488,2627,827,11551,10910,3766,8084,6465,2248
Tennessee,Total Estimate,3677218,3354632,1181272,3643508,3329219,1174008,706360,623198,156623,11743,9286,2002,82389,71641,45439,3832,3684,1718,92195,55939,16265,240796,202105,64162,211291,142019,42524
Tennessee,Male Estimate,1782458,1609240,558625,1764698,1595708,555309,321968,278557,58739,5167,4013,854,37666,33057,22455,977,977,47,48172,28452,7224,119616,98030,29096,109752,71630,19792
Tennessee,Female Estimate,1894760,1745392,622647,1878810,1733511,618699,384392,344641,97884,6576,5273,1148,44723,38584,22984,2855,2707,1671,44023,27487,9041,121180,104075,35066,101539,70389,22732
Texas,Total Estimate,9831705,9100652,3866951,8488078,8061666,3601337,2280783,2082595,655643,146113,104518,30168,1076918,954128,663488,17191,15491,5153,1829462,1170212,237043,4042516,2988188,907991,6819668,4803204,1233836
Texas,Male Estimate,4838451,4455486,1899190,4185825,3961002,1787037,1072519,969357,277007,77190,55118,15726,511660,465031,331794,7880,7036,2601,933672,579730,111717,2019865,1470971,416121,3413777,2353748,554649
Texas,Female Estimate,4993254,4645166,1967761,4302253,4100664,1814300,1208264,1113238,378636,68923,49400,14442,565258,489097,331694,9311,8455,2552,895790,590482,125326,2022651,1517217,491870,3405891,2449456,679187
Utah,Total Estimate,1638673,1567016,642091,1587219,1523859,629472,19335,17539,5653,19793,15511,3647,56580,50032,25889,17109,15860,3612,108125,78448,16098,151112,129073,43107,254587,195802,49557
Utah,Male Estimate,819578,779944,341324,793736,758345,334887,11829,11111,3675,9493,7233,1233,26836,24067,13243,8777,7937,2246,58532,42730,7906,74404,61986,22079,131724,100126,24706
Utah,Female Estimate,819095,787072,300767,793483,765514,294585,7506,6428,1978,10300,8278,2414,29744,25965,12646,8332,7923,1366,49593,35718,8192,76708,67087,21028,122863,95676,24851
Vermont,Total Estimate,429621,407312,191099,427504,405276,189708,3720,3113,1329,N,N,N,7344,6134,3820,N,N,N,3086,2844,1069,18177,17354,8222,8573,8116,4971
Vermont,Male Estimate,210324,196106,85354,209201,195064,84753,2392,1896,917,N,N,N,2760,2157,1586,N,N,N,1399,1178,329,8618,8155,3320,4348,3912,2312
Vermont,Female Estimate,219297,211206,105745,218303,210212,104955,1328,1217,412,N,N,N,4584,3977,2234,N,N,N,1687,1666,740,9559,9199,4902,4225,4204,2659
Virginia,Total Estimate,3801169,3566724,1697129,3731162,3506289,1671869,1069176,949930,295382,22789,17607,4775,416293,381702,272465,5017,4499,1337,198895,139512,47216,429333,370726,166156,497830,379058,145311
Virginia,Male Estimate,1868185,1741046,827155,1832835,1710314,814768,499652,439115,124336,11657,9600,2068,188759,175975,128057,2417,2191,735,101510,69234,23244,217018,185900,80786,253006,189197,71302
Virginia,Female Estimate,1932984,1825678,869974,1898327,1795975,857101,569524,510815,171046,11132,8007,2707,227534,205727,144408,2600,2308,602,97385,70278,23972,212315,184826,85370,244824,189861,74009
Washington,Total Estimate,3827747,3650975,1514488,3746246,3579372,1491998,199642,184118,54027,60263,49813,9657,538704,483634,320054,33689,29874,5701,248874,164426,40636,492230,425004,160099,549637,396062,110532
Washington,Male Estimate,1905037,1804263,740110,1866640,1771443,732446,114036,107174,28832,28799,23695,3866,250645,228373,154835,16900,14923,2587,136579,86364,20152,242854,208339,73612,285661,199122,49119
Washington,Female Estimate,1922710,1846712,774378,1879606,1807929,759552,85606,76944,25195,31464,26118,5791,288059,255261,165219,16789,14951,3114,112295,78062,20484,249376,216665,86487,263976,196940,61413
West Virginia,Total Estimate,1165934,1035812,282277,1162244,1032717,281856,37570,33830,5796,1776,1378,102,10346,9242,6354,N,N,N,4972,3634,1283,44350,39584,9376,14866,12360,3564
West Virginia,Male Estimate,569711,499945,130726,567691,498368,130529,21710,19086,3034,474,279,49,5064,4474,3532,N,N,N,2816,1822,285,20829,18742,3690,7859,6214,1465
West Virginia,Female Estimate,596223,535867,151551,594553,534349,151327,15860,14744,2762,1302,1099,53,5282,4768,2822,N,N,N,2156,1812,998,23521,20842,5686,7007,6146,2099
Wisconsin,Total Estimate,3429445,3265378,1166380,3395570,3237425,1157096,213819,185338,35438,27777,23822,3217,107315,93356,52618,N,N,N,81027,57714,16126,216520,178375,52668,226049,163486,38806
Wisconsin,Male Estimate,1702924,1610609,542052,1685893,1596689,538397,101639,86314,15346,13946,11752,1363,51130,44684,25797,N,N,N,42880,29399,7292,107714,87004,24858,117482,82461,16853
Wisconsin,Female Estimate,1726521,1654769,624328,1709677,1640736,618699,112180,99024,20092,13831,12070,1854,56185,48672,26821,N,N,N,38147,28315,8834,108806,91371,27810,108567,81025,21953
Wyoming,Total Estimate,342315,325602,104355,333809,318488,102107,N,N,N,5779,4792,756,3464,3314,1725,N,N,N,12085,8709,1789,27926,24119,5557,34494,26508,5861
Wyoming,Male Estimate,174451,164130,50161,170253,161064,49080,N,N,N,2731,2358,164,1570,1570,836,N,N,N,6844,4796,1072,13536,11896,2938,18613,13936,3080
Wyoming,Female Estimate,167864,161472,54194,163556,157424,53027,N,N,N,3048,2434,592,1894,1744,889,N,N,N,5241,3913,717,14390,12223,2619,15881,12572,2781
Puerto Rico,Total Estimate,674382,530996,189217,11623,10827,5736,152675,118174,35357,4430,4128,1847,5392,3727,2070,N,N,N,692779,544639,180472,871667,710881,274847,2381563,1894910,675456
Puerto Rico,Male Estimate,312832,239444,74586,6204,5950,3293,72360,54642,11541,2258,2127,588,1382,1038,652,N,N,N,318349,241376,63724,400617,314992,103833,1098122,844634,250438
Puerto Rico,Female Estimate,361550,291552,114631,5419,4877,2443,80315,63532,23816,2172,2001,1259,4010,2689,1418,N,N,N,374430,303263,116748,471050,395889,171014,1283441,1050276,425018
