state,total_estimate,total_18to24,less_than_high_school_graduate_18to24,high_school_graduate_(includes_equivalency)_18to24,some_college_or_associates_degree_18to24,bachelors_degree_or_higher_18to24,total_greater_than_25,less_than_9th_grade_greater_than_25,"9th_to_12th_grade,_no_diploma__greater_than_25",high_school_graduate_(includes_equivalency)__greater_than_25,"some_college,_no_degree__greater_than_25",associates_degree__greater_than_25,bachelors_degree__greater_than_25,graduate_or_professional_degree__greater_than_25,high_school_graduate_or_higher__greater_than_25,bachelors_degree_or_higher__greater_than_25,total_25to34,high_school_graduate_or_higher_25to34,bachelors_degree_or_higher_25to34,total_35to44,high_school_graduate_or_higher_35to44,bachelors_degree_or_higher_35to44,total_45to64,high_school_graduate_or_higher_45to64,bachelors_degree_or_higher_45to64,total_greater_than_65,high_school_graduate_or_higher__greater_than_65,bachelors_degree_or_higher__greater_than_65
Alabama,Total Estimate,468727,62982,170023,193079,42643,3451208,127052,289415,1079285,705662,303028,572276,374490,3034741,946766,633583,574352,185081,637640,563773,198592,1294176,1135910,347848,885809,760706,215245
Alabama,Male Estimate,232322,35285,92663,86872,17502,1643071,68626,154459,534409,328742,122651,263108,171076,1419986,434184,311801,277449,78956,314651,269697,85739,627386,540085,158918,389233,332755,110571
Alabama,Female Estimate,236405,27697,77360,106207,25141,1808137,58426,134956,544876,376920,180377,309168,203414,1614755,512582,321782,296903,106125,322989,294076,112853,666790,595825,188930,496576,427951,104674
Alaska,Total Estimate,67493,8915,33691,22510,2377,485779,10548,21942,135473,118250,40276,101422,57868,453289,159290,112341,105320,33270,102955,97463,35727,172073,159970,56342,98410,90536,33951
Alaska,Male Estimate,39428,6171,19837,12604,816,250710,6519,12114,78318,63282,20170,42852,27455,232077,70307,59325,54967,12989,52579,49162,13312,89130,81972,27406,49676,45976,16600
Alaska,Female Estimate,28065,2744,13854,9906,1561,235069,4029,9828,57155,54968,20106,58570,30413,221212,88983,53016,50353,20281,50376,48301,22415,82943,77998,28936,48734,44560,17351
Arizona,Total Estimate,681735,100200,244573,265391,71571,4980297,233638,315725,1168057,1180491,467305,985673,629408,4430934,1615081,1000536,911690,327026,915424,812344,317560,1730352,1511462,539548,1333985,1195438,430947
Arizona,Male Estimate,350246,59437,140290,121223,29296,2456360,117501,169669,592123,569509,215981,491148,300429,2169190,791577,516513,463445,151645,468490,408393,147054,852919,737830,262882,618438,559522,229996
Arizona,Female Estimate,331489,40763,104283,144168,42275,2523937,116137,146056,575934,610982,251324,494525,328979,2261744,823504,484023,448245,175381,446934,403951,170506,877433,773632,276666,715547,635916,200951
Arkansas,Total Estimate,284335,32652,113873,110277,27533,2037763,90660,140230,695062,435235,161542,324137,190897,1806873,515034,384776,353400,104153,383984,343109,112379,743850,655373,176471,525153,454991,122031
Arkansas,Male Estimate,148100,21152,63617,51426,11905,982403,51206,73687,359410,201701,62203,149595,84601,857510,234196,191974,174233,46062,191529,167038,48539,363627,314643,80638,235273,201596,58957
Arkansas,Female Estimate,136235,11500,50256,58851,15628,1055360,39454,66543,335652,233534,99339,174542,106296,949363,280838,192802,179167,58091,192455,176071,63840,380223,340730,95833,289880,253395,63074
California,Total Estimate,3558188,339462,1215035,1568917,434774,26909869,2380657,1804222,5578997,5287901,2120275,5958030,3779787,22724990,9737817,5827869,5329062,2320502,5414686,4620304,2149393,9702788,7888593,3293719,5964526,4887031,1974203
California,Male Estimate,1822539,203496,680498,756990,181555,13303916,1164058,972615,2908531,2594983,944971,2869357,1849401,11167243,4718758,2995842,2693053,1076336,2773131,2336964,1018033,4842884,3898650,1614596,2692059,2238576,1009793
California,Female Estimate,1735649,135966,534537,811927,253219,13605953,1216599,831607,2670466,2692918,1175304,3088673,1930386,11557747,5019059,2832027,2636009,1244166,2641555,2283340,1131360,4859904,3989943,1679123,3272467,2648455,964410
Colorado,Total Estimate,525940,64754,184891,202204,74091,4044182,135031,170943,814373,793438,334157,1107309,688931,3738208,1796240,901297,850186,427757,850293,777691,400071,1412425,1294342,617064,880167,815989,351348
Colorado,Male Estimate,272327,37431,102938,100196,31762,2034172,71353,98554,437031,402589,152378,539528,332739,1864265,872267,471692,438914,200722,441701,396620,185981,711623,647410,301643,409156,381321,183921
Colorado,Female Estimate,253613,27323,81953,102008,42329,2010010,63678,72389,377342,390849,181779,567781,356192,1873943,923973,429605,411272,227035,408592,381071,214090,700802,646932,315421,471011,434668,167427
Connecticut,Total Estimate,343982,30802,106131,144518,62531,2534376,108438,116753,646776,406668,188070,587690,479981,2309185,1067671,450863,426557,209783,451126,409677,216110,983215,900435,409643,649172,572516,232135
Connecticut,Male Estimate,175141,18964,60009,67294,28874,1222261,55008,64953,330146,198804,76732,279778,216840,1102300,496618,228613,213932,94812,224016,200058,96443,481053,434084,189001,288579,254226,116362
Connecticut,Female Estimate,168841,11838,46122,77224,33657,1312115,53430,51800,316630,207864,111338,307912,263141,1206885,571053,222250,212625,114971,227110,209619,119667,502162,466351,220642,360593,318290,115773
Delaware,Total Estimate,83763,10372,30317,35184,7890,711104,23325,38141,201366,128883,66097,146295,106997,649638,253292,128564,117440,46158,122088,110823,47948,258901,236073,91014,201551,185302,68172
Delaware,Male Estimate,42108,6408,15284,16730,3686,339202,11564,20917,100568,61864,27491,68018,48780,306721,116798,63624,58013,20918,60759,54196,21037,123936,110930,39658,90883,83582,35185
Delaware,Female Estimate,41655,3964,15033,18454,4204,371902,11761,17224,100798,67019,38606,78277,58217,342917,136494,64940,59427,25240,61329,56627,26911,134965,125143,51356,110668,101720,32987
District of Columbia,Total Estimate,65547,4841,13873,31494,15339,478774,16201,18340,70925,56221,15235,120771,181081,444233,301852,145879,140380,110075,110899,105061,80069,136381,122451,68824,85615,76341,42884
District of Columbia,Male Estimate,29382,3077,7165,13366,5774,225703,7256,8257,32059,26404,7121,58701,85905,210190,144606,68134,65509,49963,54310,51954,39147,67718,60937,35288,35541,31790,20208
District of Columbia,Female Estimate,36165,1764,6708,18128,9565,253071,8945,10083,38866,29817,8114,62070,95176,234043,157246,77745,74871,60112,56589,53107,40922,68663,61514,33536,50074,44551,22676
Florida,Total Estimate,1731183,229099,586777,715710,199597,15762122,691119,917424,4363466,2980763,1582504,3248221,1978625,14153579,5226846,2738541,2519890,920127,2728862,2454607,1008687,5695723,5117907,1847419,4598996,4061175,1450613
Florida,Male Estimate,880122,137549,326869,332082,83622,7636949,341022,496345,2184823,1436971,689886,1530857,957045,6799582,2487902,1389954,1253911,395695,1368878,1210205,452586,2784509,2466324,869502,2093608,1869142,770119
Florida,Female Estimate,851061,91550,259908,383628,115975,8125173,350097,421079,2178643,1543792,892618,1717364,1021580,7353997,2738944,1348587,1265979,524432,1359984,1244402,556101,2911214,2651583,977917,2505388,2192033,680494
Georgia,Total Estimate,1043171,148752,389938,389304,115177,7234271,303973,493904,1930376,1391372,609570,1514014,991062,6436394,2505076,1464846,1338028,536448,1448368,1292643,556067,2735370,2438956,937379,1585687,1366767,475182
Georgia,Male Estimate,530790,86641,215362,179927,48860,3443074,156728,270019,978920,640566,255826,714774,426241,3016327,1141015,720859,647114,235576,701935,611833,233910,1323836,1158844,434295,696444,598536,237234
Georgia,Female Estimate,512381,62111,174576,209377,66317,3791197,147245,223885,951456,750806,353744,799240,564821,3420067,1364061,743987,690914,300872,746433,680810,322157,1411534,1280112,503084,889243,768231,237948
Hawaii,Total Estimate,115665,7618,50012,42109,15926,1021687,33927,38284,269095,206891,112809,226849,133832,949476,360681,197767,188892,68269,190893,182202,77544,350460,325490,120898,282567,252892,93970
Hawaii,Male Estimate,63808,3948,31202,22951,5707,503949,15644,23513,138138,108001,53423,103369,61861,464792,165230,102341,96477,27818,96476,90661,32680,175512,160955,58814,129620,116699,45918
Hawaii,Female Estimate,51857,3670,18810,19158,10219,517738,18283,14771,130957,98890,59386,123480,71971,484684,195451,95426,92415,40451,94417,91541,44864,174948,164535,62084,152947,136193,48052
Idaho,Total Estimate,173371,22997,70741,68045,11588,1257566,39820,70093,338282,296583,126524,253762,132502,1147653,386264,246440,228832,75843,253434,232351,82913,443682,399643,133489,314010,286827,94019
Idaho,Male Estimate,89051,13617,40517,29855,5062,624834,20206,39737,179794,146984,54064,119356,64693,564891,184049,125026,113617,31211,127646,115111,34657,222772,198026,66110,149390,138137,52071
Idaho,Female Estimate,84320,9380,30224,38190,6526,632732,19614,30356,158488,149599,72460,134406,67809,582762,202215,121414,115215,44632,125788,117240,48256,220910,201617,67379,164620,148690,41948
Illinois,Total Estimate,1140595,120804,370612,463253,185926,8730697,399073,458931,2194993,1707785,727336,1932282,1310297,7872693,3242579,1705429,1599545,752631,1684439,1525482,736415,3237520,2898761,1125952,2103309,1848905,627581
Illinois,Male Estimate,581659,68747,204962,225435,82515,4249442,202187,248000,1128607,829728,321353,921434,598133,3799255,1519567,857123,796445,339557,849381,756652,335623,1607698,1423866,534585,935240,822292,309802
Illinois,Female Estimate,558936,52057,165650,237818,103411,4481255,196886,210931,1066386,878057,405983,1010848,712164,4073438,1723012,848306,803100,413074,835058,768830,400792,1629822,1474895,591367,1168069,1026613,317779
Indiana,Total Estimate,660956,88602,241977,252407,77970,4559631,165167,261567,1517996,883706,414408,843069,473718,4132897,1316787,882725,810184,289678,871732,786345,301531,1689595,1539126,467995,1115579,997242,257583
Indiana,Male Estimate,334896,52220,133630,119046,30000,2225761,83962,134831,782559,431035,183344,390277,219753,2006968,610030,444599,402372,125034,442615,395459,135893,839331,759776,217874,499216,449361,131229
Indiana,Female Estimate,326060,36382,108347,133361,47970,2333870,81205,126736,735437,452671,231064,452792,253965,2125929,706757,438126,407812,164644,429117,390886,165638,850264,779350,250121,616363,547881,126354
Iowa,Total Estimate,318834,34635,97952,149572,36675,2137261,58639,84027,646672,439725,255456,441878,210864,1994595,652742,390807,370453,138984,408966,380867,147891,769907,717253,227290,567581,526022,138577
Iowa,Male Estimate,166050,20144,55720,74861,15325,1054382,30532,47024,347918,212700,113003,203308,99897,976826,303205,196982,185771,61537,209023,192246,64270,388507,356667,107405,259870,242142,69993
Iowa,Female Estimate,152784,14491,42232,74711,21350,1082879,28107,37003,298754,227025,142453,238570,110967,1017769,349537,193825,184682,77447,199943,188621,83621,381400,360586,119885,307711,283880,68584
Kansas,Total Estimate,290243,34672,92235,127111,36225,1942133,67255,90167,493645,436039,167575,427464,259988,1784711,687452,376531,347395,138908,378985,343364,153148,696941,639799,246601,489676,454153,148795
Kansas,Male Estimate,151654,20716,54422,60606,15910,958243,34399,51204,255941,210166,76166,205446,124921,872640,330367,193742,175830,62463,194854,173988,71796,347780,316639,120280,221867,206183,75828
Kansas,Female Estimate,138589,13956,37813,66505,20315,983890,32856,38963,237704,225873,91409,222018,135067,912071,357085,182789,171565,76445,184131,169376,81352,349161,323160,126321,267809,247970,72967
Kentucky,Total Estimate,416072,43002,161223,164290,47557,3077867,143467,226253,1007954,594071,275708,488546,341868,2708147,830414,582979,532406,183109,573400,518894,191226,1153072,1013575,284367,768416,643272,171712
Kentucky,Male Estimate,214918,24853,94560,77096,18409,1494123,76285,122588,524047,286025,111704,227412,146062,1295250,373474,295307,268277,78803,288036,256055,81957,566424,486294,127681,344356,284624,85033
Kentucky,Female Estimate,201154,18149,66663,87194,29148,1583744,67182,103665,483907,308046,164004,261134,195806,1412897,456940,287672,264129,104306,285364,262839,109269,586648,527281,156686,424060,358648,86679
Louisiana,Total Estimate,424818,63224,163451,161712,36431,3117186,134092,281205,1023442,642841,211237,523475,300894,2701889,824369,610641,545716,176142,621977,550331,187995,1118238,963620,278663,766330,642222,181569
Louisiana,Male Estimate,216404,36863,92724,73679,13138,1493519,74719,159662,525216,287295,81327,231822,133478,1259138,365300,300840,261351,73831,307413,262574,79145,544379,451585,125621,340887,283628,86703
Louisiana,Female Estimate,208414,26361,70727,88033,23293,1623667,59373,121543,498226,355546,129910,291653,167416,1442751,459069,309801,284365,102311,314564,287757,108850,573859,512035,153042,425443,358594,94866
Maine,Total Estimate,107494,10014,41698,45772,10010,1015078,19053,36492,300595,186486,107147,224987,140318,959533,365305,165666,159604,65421,167449,160446,69206,384862,363201,125672,297101,276282,105006
Maine,Male Estimate,54263,5798,24353,20338,3774,492168,11059,21989,158303,89639,45742,103349,62087,459120,165436,82569,79299,28085,82995,78337,30893,189373,175072,53882,137231,126412,52576
Maine,Female Estimate,53231,4216,17345,25434,6236,522910,7994,14503,142292,96847,61405,121638,78231,500413,199869,83097,80305,37336,84454,82109,38313,195489,188129,71790,159870,149870,52430
Maryland,Total Estimate,531772,59513,173735,208756,89768,4273260,160195,220623,1019047,760351,294842,956533,861669,3892442,1818202,816525,758346,360371,829291,754483,398473,1624061,1481512,679412,1003383,898101,379946
Maryland,Male Estimate,268217,37283,94319,98319,38296,2038924,82897,118964,517603,352379,123599,449946,393536,1837063,843482,405385,370902,160013,408372,364186,176900,786332,705221,316958,438835,396754,189611
Maryland,Female Estimate,263555,22230,79416,110437,51472,2234336,77298,101659,501444,407972,171243,506587,468133,2055379,974720,411140,387444,200358,420919,390297,221573,837729,776291,362454,564548,501347,190335
Massachusetts,Total Estimate,688028,66345,209155,279895,132633,4934755,222572,216620,1124134,694438,376568,1250748,1049675,4495563,2300423,979614,933106,568200,899535,829029,474600,1839159,1666125,797685,1216447,1067303,459938
Massachusetts,Male Estimate,339226,39318,113347,127549,59012,2373316,106010,114351,589141,327147,149838,602930,483899,2152955,1086829,490109,462868,261478,446568,409734,217422,899153,807433,380079,537486,472920,227850
Massachusetts,Female Estimate,348802,27027,95808,152346,73621,2561439,116562,102269,534993,367291,226730,647818,565776,2342608,1213594,489505,470238,306722,452967,419295,257178,940006,858692,417606,678961,594383,232088
Michigan,Total Estimate,926979,108370,318898,386921,112790,6971895,174829,385469,2003265,1519839,680323,1338162,870008,6411597,2208170,1314354,1219688,468693,1214574,1120057,450117,2619683,2414805,809023,1823284,1657047,480337
Michigan,Male Estimate,470733,65181,179739,178005,47808,3405551,89744,211290,1022044,753554,291322,630265,407332,3104517,1037597,671507,617107,211105,607647,553898,199656,1297874,1183538,380415,828523,749974,246421
Michigan,Female Estimate,456246,43189,139159,208916,64982,3566344,85085,174179,981221,766285,389001,707897,462676,3307080,1170573,642847,602581,257588,606927,566159,250461,1321809,1231267,428608,994761,907073,233916
Minnesota,Total Estimate,499667,57940,156547,218149,67031,3898742,103264,125583,909518,784209,459742,993883,522543,3669895,1516426,742562,706655,338766,770652,724876,345552,1426256,1344721,530312,959272,893643,301796
Minnesota,Male Estimate,254846,33529,90179,103772,27366,1935082,50931,71188,487182,391944,213230,483158,237449,1812963,720607,379644,360034,154390,393587,366982,157432,718223,673931,256247,443628,412016,152538
Minnesota,Female Estimate,244821,24411,66368,114377,39665,1963660,52333,54395,422336,392265,246512,510725,285094,1856932,795819,362918,346621,184376,377065,357894,188120,708033,670790,274065,515644,481627,149258
Mississippi,Total Estimate,289913,39991,99518,125586,24818,1968167,93609,172380,586187,428485,199843,303656,184007,1702178,487663,356944,321633,95593,383035,334063,100923,731243,633212,172816,496945,413270,118331
Mississippi,Male Estimate,146720,22683,54175,59358,10504,931462,54784,94532,303307,198371,80571,124617,75280,782146,199897,173240,150878,35108,187078,156489,39330,352443,298225,71164,218701,176554,54295
Mississippi,Female Estimate,143193,17308,45343,66228,14314,1036705,38825,77848,282880,230114,119272,179039,108727,920032,287766,183704,170755,60485,195957,177574,61593,378800,334987,101652,278244,236716,64036
Missouri,Total Estimate,558016,65973,187113,233565,71365,4226634,107977,247408,1303894,875875,350837,823215,517428,3871249,1340643,800642,752652,297768,796300,733395,290118,1544924,1413958,473779,1084768,971244,278978
Missouri,Male Estimate,287106,37275,110972,108890,29969,2045740,54628,133452,666964,416621,151841,391265,230969,1857660,622234,397031,369244,133694,400823,363689,128140,761867,686999,217027,486019,437728,143373
Missouri,Female Estimate,270910,28698,76141,124675,41396,2180894,53349,113956,636930,459254,198996,431950,286459,2013589,718409,403611,383408,164074,395477,369706,161978,783057,726959,256752,598749,533516,135605
Montana,Total Estimate,102666,10907,40818,38138,12803,766758,10816,32492,205527,181671,69432,171377,95443,723450,266820,139869,131028,50809,140486,133338,56191,269105,253971,90795,217298,205113,69025
Montana,Male Estimate,52603,6904,22635,18986,4078,386368,7143,18134,109882,91918,28944,83543,46804,361091,130347,72282,66657,23232,72472,68050,27075,136521,127276,42053,105093,99108,37987
Montana,Female Estimate,50063,4003,18183,19152,8725,380390,3673,14358,95645,89753,40488,87834,48639,362359,136473,67587,64371,27577,68014,65288,29116,132584,126695,48742,112205,106005,31038
Nebraska,Total Estimate,188954,22296,56117,82348,28193,1292536,48334,52981,325200,281018,139742,286510,158751,1191221,445261,252836,234005,104593,258269,236960,103066,458598,423396,151157,322833,296860,86445
Nebraska,Male Estimate,97286,12870,30540,41795,12081,639388,25310,29567,173135,138099,66250,135355,71672,584511,207027,128259,117678,46492,133134,121041,46536,230268,211258,70675,147727,134534,43324
Nebraska,Female Estimate,91668,9426,25577,40553,16112,653148,23024,23414,152065,142919,73492,151155,87079,606710,238234,124577,116327,58101,125135,115919,56530,228330,212138,80482,175106,162326,43121
Nevada,Total Estimate,253546,34686,108700,89338,20822,2192826,129108,152545,597385,512526,196636,393208,211418,1911173,604626,451763,404850,124839,433819,374587,128095,787676,673621,207536,519568,458115,144156
Nevada,Male Estimate,130130,21592,60135,40132,8271,1097399,67229,76943,304627,259340,93000,194137,102123,953227,296260,229645,201843,55435,221819,190741,60647,399685,339837,103584,246250,220806,76594
Nevada,Female Estimate,123416,13094,48565,49206,12551,1095427,61879,75602,292758,253186,103636,199071,109295,957946,308366,222118,203007,69404,212000,183846,67448,387991,333784,103952,273318,237309,67562
New Hampshire,Total Estimate,124420,10358,42732,53161,18169,1008318,21138,34942,267904,179257,99262,247356,158459,952238,405815,178294,171979,79506,166486,157919,74360,395797,373249,152629,267741,249091,99320
New Hampshire,Male Estimate,62989,7423,25293,22059,8214,498387,9930,18934,140395,90706,42353,121991,74078,469523,196069,92812,89501,38926,84469,79525,33370,196641,184550,72134,124465,115947,51639
New Hampshire,Female Estimate,61431,2935,17439,31102,9955,509931,11208,16008,127509,88551,56909,125365,84381,482715,209746,85482,82478,40580,82017,78394,40990,199156,188699,80495,143276,133144,47681
New Jersey,Total Estimate,771827,73441,237931,310909,149546,6474427,291610,292323,1649422,996422,454004,1664353,1126293,5890494,2790646,1185697,1125923,598205,1223127,1121713,619606,2501982,2278412,1037159,1563621,1364446,535676
New Jersey,Male Estimate,394304,41374,133858,153997,65075,3133403,147551,150026,815585,490898,191111,802854,535378,2835826,1338232,599257,566843,276122,614264,556792,288129,1231947,1110795,506056,687935,601396,267925
New Jersey,Female Estimate,377523,32067,104073,156912,84471,3341024,144059,142297,833837,505524,262893,861499,590915,3054668,1452414,586440,559080,322083,608863,564921,331477,1270035,1167617,531103,875686,763050,267751
New Mexico,Total Estimate,193520,37026,71601,69036,15857,1450549,73938,107656,372497,328792,131736,231745,204185,1268955,435930,279475,250916,76068,273961,236665,80508,505316,440594,151393,391797,340780,127961
New Mexico,Male Estimate,99595,22380,38383,30698,8134,712368,37848,55671,204808,153751,56282,106331,97677,618849,204008,143662,128088,34097,142121,122140,36352,245457,211257,70077,181128,157364,63482
New Mexico,Female Estimate,93925,14646,33218,38338,7723,738181,36090,51985,167689,175041,75454,125414,106508,650106,231922,135813,122828,41971,131840,114525,44156,259859,229337,81316,210669,183416,64479
New York,Total Estimate,1745253,166480,519638,727819,331316,13987094,822952,850628,3409426,2081639,1238762,3105839,2477848,12313514,5583687,2793961,2596693,1387092,2556851,2278321,1190138,5158945,4516581,1882140,3477337,2921919,1124317
New York,Male Estimate,877068,98381,289722,352135,136830,6717049,397296,445319,1694318,1057424,552328,1495635,1074729,5874434,2570364,1394889,1279185,623834,1275522,1117497,540185,2518536,2183081,865136,1528102,1294671,541209
New York,Female Estimate,868185,68099,229916,375684,194486,7270045,425656,405309,1715108,1024215,686434,1610204,1403119,6439080,3013323,1399072,1317508,763258,1281329,1160824,649953,2640409,2333500,1017004,1949235,1627248,583108
North Carolina,Total Estimate,1005784,107578,344120,428964,125122,7245632,292845,453642,1802594,1436943,729951,1573681,955976,6499145,2529657,1376664,1274369,532966,1350937,1203266,538773,2721662,2444272,928607,1796369,1577238,529311
North Carolina,Male Estimate,514595,63861,197945,200636,52153,3459101,158382,246237,925543,683075,303524,719685,422655,3054482,1142340,681378,621245,230882,661343,576260,234212,1323238,1162962,419703,793142,694015,257543
North Carolina,Female Estimate,491189,43717,146175,228328,72969,3786531,134463,207405,877051,753868,426427,853996,533321,3444663,1387317,695286,653124,302084,689594,627006,304561,1398424,1281310,508904,1003227,883223,271768
North Dakota,Total Estimate,85620,8275,24278,41767,11300,506739,14330,17977,133316,106798,73471,113314,47533,474432,160847,110330,105772,40399,100570,95369,36568,171999,161099,52939,123840,112192,30941
North Dakota,Male Estimate,45724,5115,14168,21580,4861,260103,6836,10908,74841,53835,35639,56176,21868,242359,78044,59483,56530,19688,54186,51596,17038,88513,82495,25430,57921,51738,15888
North Dakota,Female Estimate,39896,3160,10110,20187,6439,246636,7494,7069,58475,52963,37832,57138,25665,232073,82803,50847,49242,20711,46384,43773,19530,83486,78604,27509,65919,60454,15053
Ohio,Total Estimate,1058634,123833,396138,407343,131320,8117973,219901,450413,2664759,1561547,727443,1536624,957286,7447659,2493910,1539983,1435731,555479,1460736,1349395,536891,3014685,2775959,885447,2102569,1886574,516093
Ohio,Male Estimate,536947,73512,213214,195106,55115,3937473,113153,236305,1363108,759129,292118,736344,437316,3588015,1173660,774323,713364,251109,732432,669336,239698,1489227,1358509,415783,941491,846806,267070
Ohio,Female Estimate,521687,50321,182924,212237,76205,4180500,106748,214108,1301651,802418,435325,800280,519970,3859644,1320250,765660,722367,304370,728304,680059,297193,1525458,1417450,469664,1161078,1039768,249023
Oklahoma,Total Estimate,388812,58191,156286,143648,30687,2639889,102238,195776,811661,578915,214116,483168,254015,2341875,737183,529075,476829,150614,528611,466757,159564,937029,825854,252613,645174,572435,174392
Oklahoma,Male Estimate,201087,33123,87075,69123,11766,1289733,55165,105758,414781,273181,91783,225688,123377,1128810,349065,268610,237609,69300,265996,230074,70877,464426,401683,116121,290701,259444,92767
Oklahoma,Female Estimate,187725,25068,69211,74525,18921,1350156,47073,90018,396880,305734,122333,257480,130638,1213065,388118,260465,239220,81314,262615,236683,88687,472603,424171,136492,354473,312991,81625
Oregon,Total Estimate,356854,45421,128564,147135,35734,3030635,99327,146935,664591,746945,271776,680306,420755,2784373,1101061,595688,555375,226183,594829,544169,246012,1050222,950669,357737,789896,734160,271129
Oregon,Male Estimate,183379,27146,71116,69427,15690,1493009,53457,77456,348238,368154,125523,324075,196106,1362096,520181,301180,277380,98477,302846,272207,109951,524723,472544,174029,364260,339965,137724
Oregon,Female Estimate,173475,18275,57448,77708,20044,1537626,45870,69479,316353,378791,146253,356231,224649,1422277,580880,294508,277995,127706,291983,271962,136061,525499,478125,183708,425636,394195,133405
Pennsylvania,Total Estimate,1127884,130845,414582,426998,155459,9161945,269096,474188,3047979,1394271,811426,1887722,1277263,8418661,3164985,1694898,1581611,716387,1613651,1500158,688089,3388493,3127160,1087940,2464903,2209732,672569
Pennsylvania,Male Estimate,569086,74595,226879,202392,65220,4458766,139915,249565,1536157,674067,356136,923218,579708,4069286,1502926,862962,799312,323392,811861,746209,316042,1680953,1535855,516002,1102990,987910,347490
Pennsylvania,Female Estimate,558798,56250,187703,224606,90239,4703179,129181,224623,1511822,720204,455290,964504,697555,4349375,1662059,831936,782299,392995,801790,753949,372047,1707540,1591305,571938,1361913,1221822,325079
Rhode Island,Total Estimate,113825,12588,36109,47602,17526,773464,36808,47208,214431,130496,62195,161594,120732,689448,282326,147146,136722,64217,137307,124971,54416,288810,255681,100183,200201,172074,63510
Rhode Island,Male Estimate,57914,7112,20296,22080,8426,371223,18554,24717,109653,61399,25192,78285,53423,327952,131708,73492,67494,29995,69076,61491,23164,140059,122063,46346,88596,76904,32203
Rhode Island,Female Estimate,55911,5476,15813,25522,9100,402241,18254,22491,104778,69097,37003,83309,67309,361496,150618,73654,69228,34222,68231,63480,31252,148751,133618,53837,111605,95170,31307
South Carolina,Total Estimate,476311,63069,166475,192507,54260,3598398,115832,258165,1026970,693591,369204,704740,429896,3224401,1134636,660935,602664,219656,651268,584429,231849,1318972,1194162,403700,967223,843146,279431
South Carolina,Male Estimate,245851,38346,95891,89319,22295,1707784,60583,133529,513420,318058,157470,333699,191025,1513672,524724,323032,290764,96345,318060,280382,102600,632745,564138,182084,433947,378388,143695
South Carolina,Female Estimate,230460,24723,70584,103188,31965,1890614,55249,124636,513550,375533,211734,371041,238871,1710729,609912,337903,311900,123311,333208,304047,129249,686227,630024,221616,533276,464758,135736
South Dakota,Total Estimate,84378,12554,27512,35580,8732,590377,14445,26568,172971,118503,70944,127258,59688,549364,186946,110211,102409,37582,112477,105674,43984,209806,197087,64011,157883,144194,41369
South Dakota,Male Estimate,42592,6229,15407,17164,3792,296766,7586,16173,91386,59267,33436,59337,29581,273007,88918,57324,51864,16161,57767,54220,20457,107030,99003,30439,74645,67920,21861
South Dakota,Female Estimate,41786,6325,12105,18416,4940,293611,6859,10395,81585,59236,37508,67921,30107,276357,98028,52887,50545,21421,54710,51454,23527,102776,98084,33572,83238,76274,19508
Tennessee,Total Estimate,623070,67350,239537,241908,74275,4814533,182718,311330,1502435,977239,373330,924404,543077,4320485,1467481,939035,877689,328682,901748,819153,309222,1786396,1598565,521147,1187354,1025078,308430
Tennessee,Male Estimate,313404,36109,134038,113265,29992,2316024,93991,169707,756705,465105,153476,437047,239993,2052326,677040,462553,428620,140363,447808,402051,136851,873139,762219,237674,532524,459436,162152
Tennessee,Female Estimate,309666,31241,105499,128643,44283,2498509,88727,141623,745730,512134,219854,487357,303084,2268159,790441,476482,449069,188319,453940,417102,172371,913257,836346,283473,654830,565642,146278
Texas,Total Estimate,2846706,397381,1040301,1097853,311171,19224688,1459699,1349205,4723476,3876378,1449493,4077821,2288616,16415784,6366437,4239952,3817432,1495338,4142711,3552091,1518798,6949614,5840642,2217930,3892411,3205619,1134371
Texas,Male Estimate,1463860,230416,574776,533587,125081,9461237,742479,716029,2402271,1884682,661620,1936277,1117879,8002729,3054156,2150285,1898419,668932,2099754,1769716,702230,3451847,2874401,1086206,1759351,1460193,596788
Texas,Female Estimate,1382846,166965,465525,564266,186090,9763451,717220,633176,2321205,1991696,787873,2141544,1170737,8413055,3312281,2089667,1919013,826406,2042957,1782375,816568,3497767,2966241,1131724,2133060,1745426,537583
Utah,Total Estimate,381791,42979,134017,175934,28861,2010727,54245,83003,445010,497176,191196,484882,255215,1873479,740097,485796,464057,185967,467144,434303,187913,669667,615960,234590,388120,359159,131627
Utah,Male Estimate,194844,25795,75313,84950,8786,1009449,28674,45767,222081,235772,85449,240948,150758,935008,391706,248233,235703,87431,239965,221471,99773,338058,307350,128000,183193,170484,76502
Utah,Female Estimate,186947,17184,58704,90984,20075,1001278,25571,37236,222929,261404,105747,243934,104457,938471,348391,237563,228354,98536,227179,212832,88140,331609,308610,106590,204927,188675,55125
Vermont,Total Estimate,66098,6004,20348,30359,9387,462705,7766,17461,121159,72908,37790,120373,85248,437478,205621,76472,73809,38474,78268,74810,38152,174792,165025,75534,133173,123834,53461
Vermont,Male Estimate,34220,3118,11626,15224,4252,225846,5282,10729,65169,35940,17138,57628,33960,209835,91588,38585,36762,16512,38531,35952,15927,86255,79681,32864,62475,57440,26285
Vermont,Female Estimate,31878,2886,8722,15135,5135,236859,2484,6732,55990,36968,20652,62745,51288,227643,114033,37887,37047,21962,39737,38858,22225,88537,85344,42670,70698,66394,27176
Virginia,Total Estimate,817784,71350,290059,342528,113847,5942672,209401,302571,1420599,1069241,456400,1394875,1089585,5430700,2484460,1156787,1096174,519996,1178430,1084825,554364,2200975,2013450,920960,1406480,1236251,489140
Virginia,Male Estimate,418885,40357,168106,163993,46429,2889198,107032,159105,726561,511703,198416,650003,536378,2623061,1186381,589773,554342,231625,586920,532859,253444,1082981,980254,446447,629524,555606,254865
Virginia,Female Estimate,398899,30993,121953,178535,67418,3053474,102369,143466,694038,557538,257984,744872,553207,2807639,1298079,567014,541832,288371,591510,551966,300920,1117994,1033196,474513,776956,680645,234275
Washington,Total Estimate,661761,84216,230302,260942,86301,5401149,194034,219271,1168676,1169775,544731,1287465,817197,4987844,2104662,1165183,1095352,499221,1100352,1016449,469643,1883974,1719888,688249,1251640,1156155,447549
Washington,Male Estimate,343936,50091,130543,124925,38377,2694850,97950,123769,617527,575069,256541,627398,396596,2473131,1023994,604329,560522,234376,563284,515647,225593,949881,860820,335487,577356,536142,228538
Washington,Female Estimate,317825,34125,99759,136017,47924,2706299,96084,95502,551149,594706,288190,660067,420601,2514713,1080668,560854,534830,264845,537068,500802,244050,934093,859068,352762,674284,620013,219011
West Virginia,Total Estimate,156128,17392,67383,56229,15124,1265439,41029,100439,495311,222751,100721,179376,125812,1123971,305188,201957,182707,55776,222511,202477,65806,472196,422786,107176,368775,316001,76430
West Virginia,Male Estimate,81271,10343,36445,27558,6925,620750,22378,53878,257070,108611,37497,83302,58014,544494,141316,101198,89435,23513,113833,102576,28212,235667,208062,51040,170052,144421,38551
West Virginia,Female Estimate,74857,7049,30938,28671,8199,644689,18651,46561,238241,114140,63224,96074,67798,579477,163872,100759,93272,32263,108678,99901,37594,236529,214724,56136,198723,171580,37879
Wisconsin,Total Estimate,544964,58589,195194,218827,72354,4076339,97955,174119,1222356,794316,461115,876467,450011,3804265,1326478,737899,696546,277939,747903,700429,282135,1536290,1434608,478360,1054247,972682,288044
Wisconsin,Male Estimate,277895,33412,109504,103771,31208,2020548,51956,98648,641667,401884,209680,409804,206909,1869944,616713,379020,354264,124576,380804,353442,122080,772218,712079,223571,488506,450159,146486
Wisconsin,Female Estimate,267069,25177,85690,115056,41146,2055791,45999,75471,580689,392432,251435,466663,243102,1934321,709765,358879,342282,153363,367099,346987,160055,764072,722529,254789,565741,522523,141558
Wyoming,Total Estimate,51926,5706,19215,21811,5194,395348,7224,18132,107814,97615,48945,73255,42363,369992,115618,70511,63839,20079,80122,75111,25486,140893,133010,40173,103822,98032,29880
Wyoming,Male Estimate,26623,3432,11566,9270,2355,201494,4148,10555,59956,49232,21483,34291,21829,186791,56120,37492,32960,8791,41248,38578,11705,72145,67053,19090,50609,48200,16534
Wyoming,Female Estimate,25303,2274,7649,12541,2839,193854,3076,7577,47858,48383,27462,38964,20534,183201,59498,33019,30879,11288,38874,36533,13781,68748,65957,21083,53213,49832,13346
Puerto Rico,Total Estimate,316387,22575,86786,176214,30812,2401409,309413,179367,671940,276439,280356,493356,190538,1912629,683894,402204,376870,148291,400607,352750,137294,858112,725215,259040,740486,457794,139269
Puerto Rico,Male Estimate,159616,14065,48471,85107,11973,1107798,153282,100897,344979,136498,117218,183938,70986,853619,254924,204511,187375,59142,185012,154745,47342,398207,318109,91425,320068,193390,57015
Puerto Rico,Female Estimate,156771,8510,38315,91107,18839,1293611,156131,78470,326961,139941,163138,309418,119552,1059010,428970,197693,189495,89149,215595,198005,89952,459905,407106,167615,420418,264404,82254